Flight No.,launch_time_utc,weather_time_utc,air_temp_c_tminus_1h,humidity_pct_tminus_1h,wind_speed_m_s_tminus_1h,wind_gust_m_s_tminus_1h,precipitation_mm_tminus_1h,pressure_hpa_tminus_1h,cloud_cover_pct_tminus_1h
1,2010-06-04T18:45:00+00:00,2010-06-04T18:00:00+00:00,30.4,70.0,1.4,7.1,0.0,1014.9,45.0
2,2010-12-08T15:43:00+00:00,2010-12-08T15:00:00+00:00,11.4,54.0,2.11,6.1,0.0,1020.9,1.0
3,2012-05-22T07:44:00+00:00,2012-05-22T07:00:00+00:00,23.1,80.0,2.61,4.3,0.0,1014.6,0.0
4,2012-10-08T00:35:00+00:00,2012-10-08T00:00:00+00:00,26.6,80.0,3.45,4.6,0.0,1015.1,94.0
5,2013-03-01T15:10:00+00:00,2013-03-01T15:00:00+00:00,14.4,52.0,4.74,8.6,0.0,1016.0,85.0
6,2013-09-29T16:00:00+00:00,2013-09-29T16:00:00+00:00,16.2,43.0,1.3,3.3,0.0,1017.5,0.0
7,2013-12-03T22:41:00+00:00,2013-12-03T22:00:00+00:00,21.6,73.0,2.28,4.9,0.0,1013.6,15.0
8,2014-01-06T22:06:00+00:00,2014-01-06T22:00:00+00:00,17.3,63.0,8.35,12.6,0.0,1018.7,95.0
9,2014-04-18T19:25:00+00:00,2014-04-18T19:00:00+00:00,25.0,77.0,6.0,9.4,0.4,1015.8,100.0
10,2014-07-14T15:15:00+00:00,2014-07-14T15:00:00+00:00,28.7,70.0,0.91,5.2,0.0,1019.0,98.0
11,2014-08-05T08:00:00+00:00,2014-08-05T08:00:00+00:00,25.4,90.0,6.07,8.8,0.0,1013.8,86.0
12,2014-09-07T05:00:00+00:00,2014-09-07T05:00:00+00:00,25.9,88.0,3.0,4.1,0.0,1016.5,100.0
13,2014-09-21T05:52:00+00:00,2014-09-21T05:00:00+00:00,24.0,87.0,3.89,5.5,0.0,1013.4,55.0
14,2015-01-10T09:47:00+00:00,2015-01-10T09:00:00+00:00,13.0,72.0,6.13,9.1,0.0,1025.8,57.0
15,2015-02-11T23:03:00+00:00,2015-02-11T23:00:00+00:00,15.2,66.0,3.86,7.5,0.0,1017.2,0.0
16,2015-03-02T03:50:00+00:00,2015-03-02T03:00:00+00:00,19.4,93.0,2.94,3.8,0.0,1026.9,9.0
17,2015-04-14T20:10:00+00:00,2015-04-14T20:00:00+00:00,25.6,81.0,4.21,6.2,0.0,1018.7,67.0
18,2015-04-27T23:03:00+00:00,2015-04-27T23:00:00+00:00,24.9,72.0,3.69,7.6,0.0,1009.4,100.0
19,2015-06-28T14:21:00+00:00,2015-06-28T14:00:00+00:00,28.3,73.0,2.82,6.2,0.0,1017.8,6.0
20,2015-12-22T01:29:00+00:00,2015-12-22T01:00:00+00:00,22.6,88.0,5.7,9.0,0.1,1021.9,99.0
21,2016-01-17T18:42:00+00:00,2016-01-17T18:00:00+00:00,13.2,87.0,2.31,3.9,0.0,1023.3,96.0
22,2016-03-04T23:35:00+00:00,2016-03-04T23:00:00+00:00,17.2,76.0,7.24,12.0,0.0,1017.0,7.0
23,2016-04-08T20:43:00+00:00,2016-04-08T20:00:00+00:00,27.1,39.0,4.36,8.6,0.0,1012.7,83.0
24,2016-05-06T05:21:00+00:00,2016-05-06T05:00:00+00:00,20.0,59.0,5.37,9.3,0.0,1010.1,0.0
25,2016-05-27T21:39:00+00:00,2016-05-27T21:00:00+00:00,26.4,65.0,5.92,9.4,0.0,1015.6,34.0
26,2016-06-15T14:29:00+00:00,2016-06-15T14:00:00+00:00,28.2,82.0,3.06,6.1,0.0,1018.5,7.0
27,2016-07-18T04:45:00+00:00,2016-07-18T04:00:00+00:00,28.1,80.0,5.2,6.7,0.0,1023.2,100.0
28,2016-08-14T05:26:00+00:00,2016-08-14T05:00:00+00:00,27.3,87.0,3.94,5.5,0.0,1018.7,98.0
29,2017-01-14T17:54:00+00:00,2017-01-14T17:00:00+00:00,10.4,75.0,4.53,7.0,0.0,1019.8,0.0
30,2017-02-19T14:39:00+00:00,2017-02-19T14:00:00+00:00,19.4,92.0,4.08,5.8,0.0,1018.4,45.0
31,2017-03-16T06:00:00+00:00,2017-03-16T06:00:00+00:00,10.5,51.0,5.14,7.7,0.0,1025.6,3.0
32,2017-03-30T22:27:00+00:00,2017-03-30T22:00:00+00:00,24.6,74.0,6.38,9.7,0.0,1013.2,65.0
33,2017-05-01T11:15:00+00:00,2017-05-01T11:00:00+00:00,23.9,86.0,6.96,10.9,0.2,1018.1,53.0
34,2017-05-15T23:21:00+00:00,2017-05-15T23:00:00+00:00,25.8,76.0,6.03,9.3,0.0,1014.0,7.0
35,2017-06-03T21:07:00+00:00,2017-06-03T21:00:00+00:00,26.1,75.0,2.91,5.5,0.0,1015.3,100.0
36,2017-06-23T19:10:00+00:00,2017-06-23T19:00:00+00:00,28.5,76.0,3.89,6.4,0.0,1017.1,29.0
37,2017-06-25T20:25:00+00:00,2017-06-25T20:00:00+00:00,18.3,76.0,6.64,11.4,0.0,1014.1,0.0
38,2017-07-05T23:38:00+00:00,2017-07-05T23:00:00+00:00,29.1,78.0,4.46,8.0,0.0,1019.3,8.0
39,2017-08-14T16:31:00+00:00,2017-08-14T16:00:00+00:00,29.9,69.0,1.04,4.1,0.0,1016.0,19.0
40,2017-08-24T18:51:00+00:00,2017-08-24T18:00:00+00:00,16.8,82.0,2.47,6.3,0.0,1012.9,24.0
41,2017-09-07T14:00:00+00:00,2017-09-07T14:00:00+00:00,27.6,84.0,1.44,5.4,0.0,1015.8,62.0
42,2017-10-09T12:37:00+00:00,2017-10-09T12:00:00+00:00,14.4,81.0,4.4,8.3,0.0,1009.4,6.0
43,2017-10-11T22:53:00+00:00,2017-10-11T22:00:00+00:00,27.8,73.0,4.83,9.1,0.0,1014.9,32.0
44,2017-10-30T19:34:00+00:00,2017-10-30T19:00:00+00:00,17.8,37.0,3.38,6.9,0.0,1017.2,0.0
45,2017-12-15T15:36:00+00:00,2017-12-15T15:00:00+00:00,18.6,65.0,4.38,7.4,0.0,1019.6,79.0
46,2017-12-23T01:27:00+00:00,2017-12-23T01:00:00+00:00,12.4,48.0,3.33,4.6,0.0,1024.8,1.0
47,2018-01-08T01:00:00+00:00,2018-01-08T01:00:00+00:00,15.4,63.0,4.8,8.0,0.0,1027.5,60.0
48,2018-01-31T21:25:00+00:00,2018-01-31T21:00:00+00:00,17.0,59.0,4.85,8.1,0.0,1023.9,64.0
49,2018-02-22T14:17:00+00:00,2018-02-22T14:00:00+00:00,7.2,78.0,4.19,4.8,0.0,1023.2,4.0
50,2018-03-06T05:33:00+00:00,2018-03-06T05:00:00+00:00,17.2,64.0,3.58,5.0,0.0,1017.4,100.0
51,2018-03-30T14:14:00+00:00,2018-03-30T14:00:00+00:00,10.8,89.0,1.33,3.2,0.0,1017.1,0.0
52,2018-04-02T20:30:00+00:00,2018-04-02T20:00:00+00:00,24.0,76.0,4.22,6.5,0.3,1016.5,80.0
53,2018-04-18T22:51:00+00:00,2018-04-18T22:00:00+00:00,25.0,50.0,4.92,7.0,0.0,1018.6,0.0
54,2018-05-11T20:14:00+00:00,2018-05-11T20:00:00+00:00,27.5,59.0,3.88,7.1,0.0,1018.1,66.0
55,2018-05-22T19:47:00+00:00,2018-05-22T19:00:00+00:00,13.6,76.0,4.4,7.7,0.0,1013.7,39.0
56,2018-06-04T04:45:00+00:00,2018-06-04T04:00:00+00:00,26.5,88.0,5.48,7.4,0.0,1014.8,98.0
57,2018-06-29T09:42:00+00:00,2018-06-29T09:00:00+00:00,24.7,93.0,3.61,5.2,0.0,1015.4,96.0
58,2018-07-22T05:50:00+00:00,2018-07-22T05:00:00+00:00,26.8,90.0,4.22,7.1,0.0,1013.4,65.0
59,2018-07-25T11:39:00+00:00,2018-07-25T11:00:00+00:00,17.3,81.0,4.61,7.0,0.0,1013.7,99.0
60,2018-08-07T05:18:00+00:00,2018-08-07T05:00:00+00:00,27.5,83.0,4.16,6.3,0.0,1019.3,3.0
61,2018-09-10T04:45:00+00:00,2018-09-10T04:00:00+00:00,25.5,89.0,2.33,4.5,0.0,1014.1,100.0
62,2018-10-08T02:22:00+00:00,2018-10-08T02:00:00+00:00,17.7,69.0,4.04,8.7,0.0,1007.7,0.0
63,2018-11-15T20:46:00+00:00,2018-11-15T20:00:00+00:00,22.6,67.0,5.5,8.8,0.0,1014.7,42.0
64,2018-12-03T18:34:05+00:00,2018-12-03T18:00:00+00:00,13.7,48.0,1.79,4.5,0.0,1021.2,0.0
65,2018-12-05T18:16:00+00:00,2018-12-05T18:00:00+00:00,15.1,42.0,7.12,11.9,0.0,1022.6,0.0
66,2018-12-23T13:51:00+00:00,2018-12-23T13:00:00+00:00,10.9,72.0,2.1,4.0,0.0,1024.8,0.0
67,2019-01-11T15:31:00+00:00,2019-01-11T15:00:00+00:00,11.8,87.0,5.87,8.7,0.0,1016.8,71.0
68,2019-02-22T01:45:00+00:00,2019-02-22T01:00:00+00:00,22.2,85.0,4.85,6.1,0.0,1019.6,26.0
69,2019-03-02T07:49:00+00:00,2019-03-02T07:00:00+00:00,20.1,90.0,2.39,3.6,0.0,1019.6,7.0
70,2019-05-04T06:48:00+00:00,2019-05-04T06:00:00+00:00,23.8,89.0,3.47,5.1,0.0,1015.4,2.0
71,2019-05-24T02:30:00+00:00,2019-05-24T02:00:00+00:00,25.2,70.0,6.69,10.5,0.0,1021.2,25.0
72,2019-06-12T14:17:00+00:00,2019-06-12T14:00:00+00:00,15.3,94.0,2.24,2.2,0.0,1014.1,66.0
73,2019-07-25T22:01:00+00:00,2019-07-25T22:00:00+00:00,26.2,90.0,2.57,4.8,0.1,1016.6,95.0
74,2019-08-06T23:23:00+00:00,2019-08-06T23:00:00+00:00,26.0,87.0,3.94,7.0,2.8,1014.7,100.0
75,2019-11-11T14:56:00+00:00,2019-11-11T14:00:00+00:00,24.3,62.0,2.8,5.2,0.0,1020.3,69.0
76,2019-12-05T17:29:00+00:00,2019-12-05T17:00:00+00:00,18.2,52.0,3.32,6.8,0.0,1019.9,13.0
77,2019-12-17T00:10:00+00:00,2019-12-17T00:00:00+00:00,23.3,85.0,5.02,7.7,0.0,1019.2,68.0
78,2020-01-07T02:19:21+00:00,2020-01-07T02:00:00+00:00,15.0,45.0,2.24,3.2,0.0,1022.9,0.0
79,2020-01-19T15:30:00+00:00,2020-01-19T15:00:00+00:00,21.2,71.0,5.02,8.0,0.0,1021.1,99.0
80,2020-01-29T14:07:00+00:00,2020-01-29T14:00:00+00:00,16.2,77.0,2.15,3.7,0.0,1015.8,77.0
81,2020-02-17T15:05:00+00:00,2020-02-17T15:00:00+00:00,20.4,90.0,1.08,5.1,0.0,1019.3,95.0
82,2020-03-07T04:50:00+00:00,2020-03-07T04:00:00+00:00,16.8,37.0,8.38,13.2,0.0,1022.8,30.0
83,2020-03-18T12:16:00+00:00,2020-03-18T12:00:00+00:00,21.6,81.0,1.84,3.6,0.0,1024.5,100.0
84,2020-04-22T19:30:00+00:00,2020-04-22T19:00:00+00:00,25.1,46.0,5.6,9.2,0.0,1017.8,99.0
85,2020-05-30T19:22:00+00:00,2020-05-30T19:00:00+00:00,28.3,75.0,3.85,6.7,0.1,1016.2,86.0
86,2020-06-04T01:25:00+00:00,2020-06-04T01:00:00+00:00,24.7,88.0,2.73,8.3,0.4,1016.1,100.0
87,2020-06-13T09:21:00+00:00,2020-06-13T09:00:00+00:00,25.1,82.0,3.44,5.2,0.0,1014.5,14.0
88,2020-06-30T20:10:46+00:00,2020-06-30T20:00:00+00:00,31.9,58.0,2.62,5.3,0.0,1014.4,29.0
89,2020-07-20T21:30:00+00:00,2020-07-20T21:00:00+00:00,28.2,79.0,5.61,9.9,0.6,1016.2,24.0
90,2020-08-07T05:12:00+00:00,2020-08-07T05:00:00+00:00,26.9,88.0,2.4,4.3,0.0,1017.5,99.0
91,2020-08-18T14:31:00+00:00,2020-08-18T14:00:00+00:00,28.5,76.0,3.91,3.9,0.0,1015.2,100.0
92,2020-08-30T23:18:00+00:00,2020-08-30T23:00:00+00:00,25.8,90.0,5.1,7.5,0.3,1012.6,100.0
93,2020-09-03T12:46:14+00:00,2020-09-03T12:00:00+00:00,27.5,87.0,0.71,3.1,0.0,1016.4,86.0
94,2020-10-06T11:29:34+00:00,2020-10-06T11:00:00+00:00,26.6,87.0,3.32,5.4,0.1,1015.0,90.0
95,2020-10-18T12:25:57+00:00,2020-10-18T12:00:00+00:00,25.7,78.0,6.85,8.8,0.0,1018.9,28.0
96,2020-10-24T15:31:34+00:00,2020-10-24T15:00:00+00:00,26.8,70.0,3.32,5.3,0.0,1015.6,50.0
97,2020-11-05T23:24:23+00:00,2020-11-05T23:00:00+00:00,25.0,70.0,6.67,9.6,0.0,1019.9,36.0
98,2020-11-16T00:27:00+00:00,2020-11-16T00:00:00+00:00,25.0,88.0,3.49,4.3,0.0,1017.8,25.0
99,2020-11-21T17:17:08+00:00,2020-11-21T17:00:00+00:00,14.4,51.0,2.75,5.0,0.0,1019.5,86.0
100,2020-11-25T02:13:00+00:00,2020-11-25T02:00:00+00:00,22.5,68.0,7.01,11.6,0.0,1022.7,58.0
101,2020-12-06T16:17:08+00:00,2020-12-06T16:00:00+00:00,18.9,66.0,2.43,4.3,0.0,1017.4,51.0
102,2020-12-13T17:30:00+00:00,2020-12-13T17:00:00+00:00,21.0,87.0,0.61,3.0,0.0,1020.2,89.0
103,2020-12-19T14:00:00+00:00,2020-12-19T14:00:00+00:00,17.4,67.0,2.33,6.5,0.0,1024.7,62.0
104,2021-01-08T02:15:00+00:00,2021-01-08T02:00:00+00:00,19.9,69.0,5.92,7.9,0.0,1014.4,63.0
105,2021-01-20T13:02:00+00:00,2021-01-20T13:00:00+00:00,12.3,89.0,2.55,4.5,0.0,1025.8,36.0
106,2021-01-24T15:00:00+00:00,2021-01-24T15:00:00+00:00,20.4,86.0,3.16,5.5,0.2,1021.9,91.0
107,2021-02-04T06:19:00+00:00,2021-02-04T06:00:00+00:00,8.5,60.0,3.89,5.7,0.0,1019.8,0.0
108,2021-02-16T03:59:37+00:00,2021-02-16T03:00:00+00:00,22.0,89.0,6.73,12.5,0.4,1014.3,58.0
109,2021-03-04T08:24:00+00:00,2021-03-04T08:00:00+00:00,15.9,79.0,5.03,7.8,0.0,1015.9,83.0
110,2021-03-11T08:13:29+00:00,2021-03-11T08:00:00+00:00,18.9,67.0,4.33,6.0,0.0,1027.4,79.0
111,2021-03-14T10:01:00+00:00,2021-03-14T10:00:00+00:00,17.5,87.0,2.02,3.8,0.0,1020.7,99.0
112,2021-03-24T08:28:00+00:00,2021-03-24T08:00:00+00:00,18.7,82.0,2.45,3.8,0.0,1015.0,92.0
113,2021-04-07T16:34:00+00:00,2021-04-07T16:00:00+00:00,22.9,57.0,0.76,3.9,0.0,1019.8,17.0
114,2021-04-23T09:49:00+00:00,2021-04-23T09:00:00+00:00,19.5,79.0,5.82,8.5,0.0,1019.3,49.0
115,2021-04-29T03:44:00+00:00,2021-04-29T03:00:00+00:00,24.0,67.0,5.32,7.5,0.0,1019.2,59.0
116,2021-05-04T19:01:00+00:00,2021-05-04T19:00:00+00:00,29.0,69.0,4.72,8.3,0.0,1015.7,90.0
117,2021-05-09T06:42:00+00:00,2021-05-09T06:00:00+00:00,22.6,63.0,3.61,5.9,0.0,1019.9,0.0
118,2021-05-15T22:56:00+00:00,2021-05-15T22:00:00+00:00,24.3,57.0,7.84,13.6,0.0,1020.3,52.0
119,2021-05-26T18:59:00+00:00,2021-05-26T18:00:00+00:00,27.2,63.0,4.52,7.3,0.0,1023.3,52.0
120,2021-06-03T17:29:00+00:00,2021-06-03T17:00:00+00:00,27.4,78.0,4.78,9.3,0.0,1018.1,98.0
121,2021-06-06T04:26:00+00:00,2021-06-06T04:00:00+00:00,26.5,83.0,5.78,8.0,0.0,1019.4,100.0
