payload_mass_kg,launch_site,orbit,booster_category,booster_prior_flights,booster_reused,flight_number,launch_month,launch_hour_utc,air_temp_c_tminus_1h,humidity_pct_tminus_1h,wind_speed_m_s_tminus_1h,wind_gust_m_s_tminus_1h,precipitation_mm_tminus_1h,pressure_hpa_tminus_1h,cloud_cover_pct_tminus_1h,outcome
0.0,CCAFS,LEO,v1.0,0.0,0,1,6,18,30.4,70.0,1.4,7.1,0.0,1014.9,45.0,failure
0.0,CCAFS,LEO,v1.0,0.0,0,2,12,15,11.4,54.0,2.11,6.1,0.0,1020.9,1.0,failure
525.0,CCAFS,LEO,v1.0,0.0,0,3,5,7,23.1,80.0,2.61,4.3,0.0,1014.6,0.0,failure
4700.0,CCAFS,LEO,v1.0,0.0,0,4,10,0,26.6,80.0,3.45,4.6,0.0,1015.1,94.0,failure
4877.0,CCAFS,LEO,v1.0,0.0,0,5,3,15,14.4,52.0,4.74,8.6,0.0,1016.0,85.0,failure
500.0,VAFB,Polar orbit,v1.1,0.0,0,6,9,16,16.2,43.0,1.3,3.3,0.0,1017.5,0.0,failure
3170.0,CCAFS,GTO,v1.1,0.0,0,7,12,22,21.6,73.0,2.28,4.9,0.0,1013.6,15.0,failure
3325.0,CCAFS,GTO,v1.1,0.0,0,8,1,22,17.3,63.0,8.35,12.6,0.0,1018.7,95.0,failure
2296.0,Cape Canaveral,LEO,v1.1,0.0,0,9,4,19,25.0,77.0,6.0,9.4,0.4,1015.8,100.0,failure
1316.0,Cape Canaveral,LEO,v1.1,0.0,0,10,7,15,28.7,70.0,0.91,5.2,0.0,1019.0,98.0,failure
4535.0,Cape Canaveral,GTO,v1.1,0.0,0,11,8,8,25.4,90.0,6.07,8.8,0.0,1013.8,86.0,failure
4428.0,Cape Canaveral,GTO,v1.1,0.0,0,12,9,5,25.9,88.0,3.0,4.1,0.0,1016.5,100.0,failure
2216.0,Cape Canaveral,LEO,v1.1,0.0,0,13,9,5,24.0,87.0,3.89,5.5,0.0,1013.4,55.0,failure
2395.0,Cape Canaveral,LEO,v1.1,0.0,0,14,1,9,13.0,72.0,6.13,9.1,0.0,1025.8,57.0,failure
570.0,Cape Canaveral,HEO,v1.1,0.0,0,15,2,23,15.2,66.0,3.86,7.5,0.0,1017.2,0.0,failure
4159.0,Cape Canaveral,GTO,v1.1,0.0,0,16,3,3,19.4,93.0,2.94,3.8,0.0,1026.9,9.0,failure
1898.0,Cape Canaveral,LEO,v1.1,0.0,0,17,4,20,25.6,81.0,4.21,6.2,0.0,1018.7,67.0,failure
4707.0,Cape Canaveral,GTO,v1.1,0.0,0,18,4,23,24.9,72.0,3.69,7.6,0.0,1009.4,100.0,failure
1952.0,Cape Canaveral,LEO,v1.1,0.0,0,19,6,14,28.3,73.0,2.82,6.2,0.0,1017.8,6.0,failure
2034.0,Cape Canaveral,LEO,FT,,0,20,12,1,22.6,88.0,5.7,9.0,0.1,1021.9,99.0,success
553.0,VAFB,LEO,v1.1,0.0,0,21,1,18,13.2,87.0,2.31,3.9,0.0,1023.3,96.0,failure
5271.0,Cape Canaveral,GTO,FT,,0,22,3,23,17.2,76.0,7.24,12.0,0.0,1017.0,7.0,failure
3136.0,Cape Canaveral,LEO,FT,,0,23,4,20,27.1,39.0,4.36,8.6,0.0,1012.7,83.0,success
4696.0,Cape Canaveral,GTO,FT,,0,24,5,5,20.0,59.0,5.37,9.3,0.0,1010.1,0.0,success
3100.0,Cape Canaveral,GTO,FT,,0,25,5,21,26.4,65.0,5.92,9.4,0.0,1015.6,34.0,success
3600.0,Cape Canaveral,GTO,FT,,0,26,6,14,28.2,82.0,3.06,6.1,0.0,1018.5,7.0,failure
2257.0,Cape Canaveral,LEO,FT,,0,27,7,4,28.1,80.0,5.2,6.7,0.0,1023.2,100.0,success
4600.0,Cape Canaveral,GTO,FT,,0,28,8,5,27.3,87.0,3.94,5.5,0.0,1018.7,98.0,success
9600.0,VAFB,Polar,FT,,0,29,1,17,10.4,75.0,4.53,7.0,0.0,1019.8,0.0,success
2490.0,KSC,LEO,FT,,0,30,2,14,19.4,92.0,4.08,5.8,0.0,1018.4,45.0,success
5600.0,KSC,GTO,FT,,0,31,3,6,10.5,51.0,5.14,7.7,0.0,1025.6,3.0,failure
5300.0,KSC,GTO,FT,,1,32,3,22,24.6,74.0,6.38,9.7,0.0,1013.2,65.0,success
,KSC,LEO,FT,,0,33,5,11,23.9,86.0,6.96,10.9,0.2,1018.1,53.0,success
6070.0,KSC,GTO,FT,,0,34,5,23,25.8,76.0,6.03,9.3,0.0,1014.0,7.0,failure
2708.0,KSC,LEO,FT,,0,35,6,21,26.1,75.0,2.91,5.5,0.0,1015.3,100.0,success
3669.0,KSC,GTO,FT,1.0,1,36,6,19,28.5,76.0,3.89,6.4,0.0,1017.1,29.0,success
9600.0,VAFB,LEO,FT,,0,37,6,20,18.3,76.0,6.64,11.4,0.0,1014.1,0.0,success
6761.0,KSC,GTO,FT,,0,38,7,23,29.1,78.0,4.46,8.0,0.0,1019.3,8.0,failure
3310.0,KSC,LEO,B4,,0,39,8,16,29.9,69.0,1.04,4.1,0.0,1016.0,19.0,success
475.0,VAFB,SSO,FT,,0,40,8,18,16.8,82.0,2.47,6.3,0.0,1012.9,24.0,success
4990.0,KSC,LEO,B4,,0,41,9,14,27.6,84.0,1.44,5.4,0.0,1015.8,62.0,success
9600.0,VAFB,Polar,B4,,0,42,10,12,14.4,81.0,4.4,8.3,0.0,1009.4,6.0,success
5200.0,KSC,GTO,FT,1.0,1,43,10,22,27.8,73.0,4.83,9.1,0.0,1014.9,32.0,success
3500.0,KSC,GTO,B4,,0,44,10,19,17.8,37.0,3.38,6.9,0.0,1017.2,0.0,success
2205.0,Cape Canaveral,LEO,FT,1.0,1,45,12,15,18.6,65.0,4.38,7.4,0.0,1019.6,79.0,success
9600.0,VAFB,Polar,FT,1.0,1,46,12,1,12.4,48.0,3.33,4.6,0.0,1024.8,1.0,failure
,CCAFS,LEO,B4,,0,47,1,1,15.4,63.0,4.8,8.0,0.0,1027.5,60.0,success
4230.0,CCAFS,GTO,FT,1.0,1,48,1,21,17.0,59.0,4.85,8.1,0.0,1023.9,64.0,failure
2150.0,VAFB,SSO,FT,1.0,1,49,2,14,7.2,78.0,4.19,4.8,0.0,1023.2,4.0,failure
6092.0,CCAFS,GTO,B4,,0,50,3,5,17.2,64.0,3.58,5.0,0.0,1017.4,100.0,failure
9600.0,VAFB,Polar,B4,1.0,1,51,3,14,10.8,89.0,1.33,3.2,0.0,1017.1,0.0,failure
2647.0,CCAFS,LEO,B4,1.0,1,52,4,20,24.0,76.0,4.22,6.5,0.3,1016.5,80.0,failure
362.0,CCAFS,HEO,B4,,0,53,4,22,25.0,50.0,4.92,7.0,0.0,1018.6,0.0,success
3600.0,KSC,GTO,B5,0.0,0,54,5,20,27.5,59.0,3.88,7.1,0.0,1018.1,66.0,success
6460.0,VAFB,Polar,B4,1.0,1,55,5,19,13.6,76.0,4.4,7.7,0.0,1013.7,39.0,failure
5384.0,CCAFS,GTO,B4,1.0,1,56,6,4,26.5,88.0,5.48,7.4,0.0,1014.8,98.0,failure
2697.0,CCAFS,LEO,B4,1.0,1,57,6,9,24.7,93.0,3.61,5.2,0.0,1015.4,96.0,failure
7075.0,CCAFS,GTO,B5,,0,58,7,5,26.8,90.0,4.22,7.1,0.0,1013.4,65.0,success
9600.0,VAFB,Polar,B5,,0,59,7,11,17.3,81.0,4.61,7.0,0.0,1013.7,99.0,success
5800.0,CCAFS,GTO,B5,1.0,1,60,8,5,27.5,83.0,4.16,6.3,0.0,1019.3,3.0,success
7060.0,CCAFS,GTO,B5,,0,61,9,4,25.5,89.0,2.33,4.5,0.0,1014.1,100.0,success
3000.0,VAFB,SSO,B5,1.0,1,62,10,2,17.7,69.0,4.04,8.7,0.0,1007.7,0.0,success
5300.0,KSC,GTO,B5,1.0,1,63,11,20,22.6,67.0,5.5,8.8,0.0,1014.7,42.0,success
4000.0,VAFB,SSO,B5,2.0,1,64,12,18,13.7,48.0,1.79,4.5,0.0,1021.2,0.0,success
2500.0,CCAFS,LEO,B5,,0,65,12,18,15.1,42.0,7.12,11.9,0.0,1022.6,0.0,failure
4400.0,CCAFS,MEO,B5,,0,66,12,13,10.9,72.0,2.1,4.0,0.0,1024.8,0.0,failure
9600.0,VAFB,Polar,B5,1.0,1,67,1,15,11.8,87.0,5.87,8.7,0.0,1016.8,71.0,success
4850.0,CCAFS,GTO,B5,2.0,1,68,2,1,22.2,85.0,4.85,6.1,0.0,1019.6,26.0,success
12055.0,KSC,LEO,B5,,0,69,3,7,20.1,90.0,2.39,3.6,0.0,1019.6,7.0,success
2495.0,CCAFS,LEO,B5,,0,70,5,6,23.8,89.0,3.47,5.1,0.0,1015.4,2.0,success
13620.0,CCAFS,LEO,B5,2.0,1,71,5,2,25.2,70.0,6.69,10.5,0.0,1021.2,25.0,success
4200.0,VAFB,SSO,B5,1.0,1,72,6,14,15.3,94.0,2.24,2.2,0.0,1014.1,66.0,success
2268.0,CCAFS,LEO,B5,1.0,1,73,7,22,26.2,90.0,2.57,4.8,0.1,1016.6,95.0,success
6500.0,CCAFS,GTO,B5,2.0,1,74,8,23,26.0,87.0,3.94,7.0,2.8,1014.7,100.0,failure
15600.0,CCAFS,LEO,B5,,0,75,11,14,24.3,62.0,2.8,5.2,0.0,1020.3,69.0,success
2617.0,CCAFS,LEO,B5,,0,76,12,17,18.2,52.0,3.32,6.8,0.0,1019.9,13.0,success
6956.0,CCAFS,GTO,B5,2.0,1,77,12,0,23.3,85.0,5.02,7.7,0.0,1019.2,68.0,success
15600.0,CCAFS,LEO,B5,,0,78,1,2,15.0,45.0,2.24,3.2,0.0,1022.9,0.0,success
12050.0,KSC,Sub-orbital,B5,,0,79,1,15,21.2,71.0,5.02,8.0,0.0,1021.1,99.0,failure
15600.0,CCAFS,LEO,B5,,0,80,1,14,16.2,77.0,2.15,3.7,0.0,1015.8,77.0,success
15600.0,CCAFS,LEO,B5,,0,81,2,15,20.4,90.0,1.08,5.1,0.0,1019.3,95.0,failure
1977.0,CCAFS,LEO,B5,,0,82,3,4,16.8,37.0,8.38,13.2,0.0,1022.8,30.0,success
15600.0,KSC,LEO,B5,,0,83,3,12,21.6,81.0,1.84,3.6,0.0,1024.5,100.0,failure
15600.0,KSC,LEO,B5,,0,84,4,19,25.1,46.0,5.6,9.2,0.0,1017.8,99.0,success
12530.0,KSC,LEO,B5,,0,85,5,19,28.3,75.0,3.85,6.7,0.1,1016.2,86.0,success
15600.0,CCAFS,LEO,B5,,0,86,6,1,24.7,88.0,2.73,8.3,0.4,1016.1,100.0,success
15410.0,CCAFS,LEO,B5,,0,87,6,9,25.1,82.0,3.44,5.2,0.0,1014.5,14.0,success
4311.0,CCAFS,MEO,B5,,0,88,6,20,31.9,58.0,2.62,5.3,0.0,1014.4,29.0,success
5000.0,CCAFS,GTO,B5,1.0,1,89,7,21,28.2,79.0,5.61,9.9,0.6,1016.2,24.0,success
14932.0,KSC,LEO,B5,,0,90,8,5,26.9,88.0,2.4,4.3,0.0,1017.5,99.0,success
15440.0,CCAFS,LEO,B5,5.0,1,91,8,14,28.5,76.0,3.91,3.9,0.0,1015.2,100.0,success
3130.0,CCAFS,SSO,B5,,0,92,8,23,25.8,90.0,5.1,7.5,0.3,1012.6,100.0,success
15600.0,KSC,LEO,B5,1.0,1,93,9,12,27.5,87.0,0.71,3.1,0.0,1016.4,86.0,success
15600.0,KSC,LEO,B5,2.0,1,94,10,11,26.6,87.0,3.32,5.4,0.1,1015.0,90.0,success
15600.0,KSC,LEO,B5,5.0,1,95,10,12,25.7,78.0,6.85,8.8,0.0,1018.9,28.0,success
15600.0,CCAFS,LEO,B5,,0,96,10,15,26.8,70.0,3.32,5.3,0.0,1015.6,50.0,success
4311.0,CCAFS,MEO,B5,,0,97,11,23,25.0,70.0,6.67,9.6,0.0,1019.9,36.0,success
12500.0,KSC,LEO,B5,,0,98,11,0,25.0,88.0,3.49,4.3,0.0,1017.8,25.0,success
1192.0,VAFB,LEO,B5,,0,99,11,17,14.4,51.0,2.75,5.0,0.0,1019.5,86.0,success
15600.0,CCAFS,LEO,B5,,1,100,11,2,22.5,68.0,7.01,11.6,0.0,1022.7,58.0,success
2972.0,KSC,LEO,B5,,1,101,12,16,18.9,66.0,2.43,4.3,0.0,1017.4,51.0,success
7000.0,CCSFS,GTO,B5,,1,102,12,17,21.0,87.0,0.61,3.0,0.0,1020.2,89.0,success
,KSC,LEO,B5,,1,103,12,14,17.4,67.0,2.33,6.5,0.0,1024.7,62.0,success
3500.0,CCSFS,GTO,B5,,0,104,1,2,19.9,69.0,5.92,7.9,0.0,1014.4,63.0,success
15600.0,KSC,LEO,B5,7.0,1,105,1,13,12.3,89.0,2.55,4.5,0.0,1025.8,36.0,success
5000.0,CCSFS,SSO,B5,4.0,1,106,1,15,20.4,86.0,3.16,5.5,0.2,1021.9,91.0,success
15600.0,CCSFS,LEO,B5,,1,107,2,6,8.5,60.0,3.89,5.7,0.0,1019.8,0.0,success
15600.0,CCSFS,LEO,B5,,1,108,2,3,22.0,89.0,6.73,12.5,0.4,1014.3,58.0,failure
15600.0,KSC,LEO,B5,,1,109,3,8,15.9,79.0,5.03,7.8,0.0,1015.9,83.0,success
15600.0,CCSFS,LEO,B5,,1,110,3,8,18.9,67.0,4.33,6.0,0.0,1027.4,79.0,success
15600.0,KSC,LEO,B5,,1,111,3,10,17.5,87.0,2.02,3.8,0.0,1020.7,99.0,success
15600.0,CCSFS,LEO,B5,5.0,1,112,3,8,18.7,82.0,2.45,3.8,0.0,1015.0,92.0,success
15600.0,CCSFS,LEO,B5,,1,113,4,16,22.9,57.0,0.76,3.9,0.0,1019.8,17.0,success
13000.0,KSC,LEO,B5,1.0,1,114,4,9,19.5,79.0,5.82,8.5,0.0,1019.3,49.0,success
15600.0,CCSFS,LEO,B5,6.0,1,115,4,3,24.0,67.0,5.32,7.5,0.0,1019.2,59.0,success
15600.0,KSC,LEO,B5,8.0,1,116,5,19,29.0,69.0,4.72,8.3,0.0,1015.7,90.0,success
15600.0,CCSFS,LEO,B5,9.0,1,117,5,6,22.6,63.0,3.61,5.9,0.0,1019.9,0.0,success
14000.0,KSC,LEO,B5,7.0,1,118,5,22,24.3,57.0,7.84,13.6,0.0,1020.3,52.0,success
15600.0,CCSFS,LEO,B5,1.0,1,119,5,18,27.2,63.0,4.52,7.3,0.0,1023.3,52.0,success
3328.0,KSC,LEO,B5,0.0,0,120,6,17,27.4,78.0,4.78,9.3,0.0,1018.1,98.0,success
7000.0,CCSFS,GTO,B5,,0,121,6,4,26.5,83.0,5.78,8.0,0.0,1019.4,100.0,success
